{"Battery_percentage":6.980000180192292E-4,"Battery_drain":0.6980000138282776}